order_id,client_ref,element_count,scale_factor,status,settled_batch,merkle_root,created_at
f9a851a9,Mobile_Field_Intake_01,300000,2.0,COMPLETED,2650,a170f07ddc499188ebd2900ef2458fcf0ad8e9f1cc13777eee684ff9aa20aab9,2026-08-22T07:01:21.380024
02d97636,Mobile_Field_Intake_01,300000,2.0,COMPLETED,2650,7a1c667882ae491240275ba98438f92bce0de4c09d033256a6567838f9c78896,2026-08-22T07:07:44.153754
980715c8,Mobile_Field_Intake_01,300000,2.0,COMPLETED,2650,51b7450779ddb21452ca026e82f02ef33dd6299c5e178bbe5f1d47e3ead66d6e,2026-08-22T07:11:02.288793
ed8fac03,Raytheon_EW_Telemetry,749223,3.78,COMPLETED,2650,3bb0bedbd51c48ff156ffd1d366817b0d3beacc67e7121c78833620be51832e2,2026-08-22T07:13:35.118113
d07d2246,DARPA_Edge_Intake,237694,3.7,COMPLETED,2650,3d1b747968a709a93d67cec20f8e79a60ab182a958307ad59ba00cc241113d2e,2026-08-22T07:13:38.220979
a12832a2,Lockheed_Aero_Div,223995,3.21,COMPLETED,2650,57815dd3b13ce710bd42c819b05e60a876ca26c1650725d652831938d2568ba9,2026-08-22T07:13:41.093003
49796fd1,GeneralDynamics_Mesh,749733,1.39,COMPLETED,2650,e7a5bcb7f3c7fd1dfd60d051ab0e65bf98b4cad9f8b125495a7a64291169ce04,2026-08-22T07:13:44.395457
bf13ec5e,Raytheon_EW_Telemetry,308467,2.25,COMPLETED,2650,524cfdb83211249c6ad118b1c5fb95d98f394acb14c8678b35da0b490aebc015,2026-08-22T07:13:49.759036
a45e9924,DARPA_Edge_Intake,398159,1.79,COMPLETED,2650,5240b5f2d0599a6befc546e1334040574203b4db780e92192c0ecf0b7c4af61d,2026-08-22T07:13:53.627351
36db8c01,GeneralDynamics_Mesh,531313,3.36,COMPLETED,2650,21732c3bdc7d1029240320f29632f6b5f04116477d5f34c09e166a55ff2bc24d,2026-08-22T07:13:58.485612
ee5657a8,GeneralDynamics_Mesh,674780,2.8,COMPLETED,2650,0293c0c4f31d8f9bf9bb32161f27d4b5ce0d5488f9100f58f0150925d51c0fac,2026-08-22T07:14:03.086334
9cf5cbb6,GeneralDynamics_Mesh,294675,2.82,COMPLETED,2650,a1a434025c7ad2e9c7e7d288c2f5a1d5710791b14f5198241031a25bc427ad4c,2026-08-22T07:14:07.258333
a0aae974,Raytheon_EW_Telemetry,720133,1.75,COMPLETED,2650,9333448ff5b216a3ff38959091db0840730bcc0799f54b50d833683f01f555a7,2026-08-22T07:14:11.424559
11d5b949,GeneralDynamics_Mesh,523510,3.63,COMPLETED,2650,6a3b4bc7dcbffe8c7264da44bd4f9827a26895d8720891e0a6652680fa1c6767,2026-08-22T07:14:17.251428
5fe95d42,Lockheed_Aero_Div,401528,2.44,COMPLETED,2650,dcb8576a2c9d438da4e54579bf57e3c0502b1a168905e565989c3ba87c09a647,2026-08-22T07:14:19.876558
654b924c,Lockheed_Aero_Div,564953,2.8,COMPLETED,2650,049519126e3d41e03547873e6236d8936ef00b9622d6b3da2d889e81e3cacdb5,2026-08-22T07:14:23.638062
725bf6e4,Raytheon_EW_Telemetry,709098,2.03,COMPLETED,2650,73e03ed62634def5307f44e72211c469fcae804fedf3c73b9c525132924a0f3c,2026-08-22T07:14:27.525253
19640b43,Northrop_Sensor_Stream,221442,3.77,COMPLETED,2650,5568d8c6b0f0efc089d5726ab3e012e3ceda448f15d87269e716c3d7f07bd9c6,2026-08-22T07:14:32.821041
f5ce6f5e,GeneralDynamics_Mesh,523236,2.2,COMPLETED,2650,80c6da16fb5180825246ebbbd3156c285bcec56a119c5b1871f3311c7ab368e1,2026-08-22T07:14:37.767340
632f1a9d,Northrop_Sensor_Stream,357586,2.68,COMPLETED,2650,14663c114af44dceaf773f1f1585d7a86a74fdeaace22644aaa9126897dc8404,2026-08-22T07:14:40.341521
88a4b067,Northrop_Sensor_Stream,706964,2.92,COMPLETED,2650,c94a3cf68877e432b893a55698ed67bb069924939016ff79513830a7b8a2986e,2026-08-22T07:14:44.748088
10f66586,Raytheon_EW_Telemetry,193329,2.17,COMPLETED,2650,a163b0179a9ba9e3cd03684c214163cf571ccb3c5c68b0785c4b4e4294ac95d1,2026-08-22T07:15:29.619193
567d3ed2,Lockheed_Aero_Div,164688,3.56,COMPLETED,2650,9d5f78ace1fcd31b77f956ed58d04f088ffd6f0cdf54d2c821bd2659d4516c1b,2026-08-22T07:15:35.550409
963b6018,Northrop_Sensor_Stream,401440,1.43,COMPLETED,2650,3a810cce7f354f0317fcfb6baa1500bfdba679e8a74fe97ff15878e088920a1b,2026-08-22T07:15:40.229181
23d6b829,DARPA_Edge_Intake,496815,2.28,COMPLETED,2650,872300b795292dcb29700cdad5844c77cd86fe946c901d61ca33e2d6a298cbc6,2026-08-22T07:15:45.837331
2640748e,Raytheon_EW_Telemetry,242943,2.64,COMPLETED,2650,6d34a310919f6d08eebfb2e9e8608655c1dea0c8da92ad59cd0a7df309a0e450,2026-08-22T07:15:51.550295
6372f15b,Northrop_Sensor_Stream,660283,2.54,COMPLETED,2650,79cea7e07da08b6d9cdf6dd6f39c84a3281fd017bfd27339789c10a67d2a453c,2026-08-22T07:15:56.478400
0a8cbaba,Lockheed_Aero_Div,366595,1.63,COMPLETED,2650,4f7d69a55f98ccfe9898bbb3009b79395ca028a2d9517e2e3605708a9978c7cd,2026-08-22T07:16:00.112312
14a0438e,GeneralDynamics_Mesh,574471,2.57,COMPLETED,2650,3ab205ad4f02912a6e30e5d11cc03699ee54f01885a6102cd79df70803b872ac,2026-08-22T07:16:04.166089
73ab070d,Lockheed_Aero_Div,414323,2.83,COMPLETED,2650,69eef7f61c4e48bf70311752f30a17391a18d4fc555908c62310e9f02950c74f,2026-08-22T07:16:08.240987
25bc31ec,Lockheed_Aero_Div,394490,3.02,COMPLETED,2650,e4fa8699be6ddab29b7d6fc5fc814d8e6847f6c21dc7422aec2acded41e24edc,2026-08-22T07:16:12.001150
43a2adc4,DARPA_Edge_Intake,328419,1.46,COMPLETED,2650,9a316cc6777fc377e61507dac7d7af7fb075ed88bc6dbfd1913e6ad5b15e4711,2026-08-22T07:16:17.921025
9ac68d60,DARPA_Edge_Intake,507787,2.23,COMPLETED,2650,ae905a64ded89726a9533dae6db43db78660b92c2635a755bbe6da9461034026,2026-08-22T07:16:23.181305
2ce115e1,DARPA_Edge_Intake,468588,1.66,COMPLETED,2650,e81e39b2c05fdbde96426d078919bb058512725dd713cc5c7f36462ffe38cf3a,2026-08-22T07:16:28.280740
7ddd89c6,GeneralDynamics_Mesh,396875,3.77,COMPLETED,2650,83da28b851177f5aea929e32e7b808076ec3c13e1c86e787da03b7c48e418c6d,2026-08-22T07:16:33.989645
8a9425e2,Northrop_Sensor_Stream,409723,1.83,COMPLETED,2650,171c1f6ee30ded839f83723d90d5384fb6dbd871a8d7693e4b0d306a689009f3,2026-08-22T07:16:38.237512
1be620eb,GeneralDynamics_Mesh,290581,2.02,COMPLETED,2650,a205fb93889ba498d36a59367fb03d2d29a8338dde97a10e22929a844b48b143,2026-08-22T07:16:42.291804
ff494a27,GeneralDynamics_Mesh,571498,2.8,COMPLETED,2650,01a1c66ea26bedd298c839721ae1e37f7c4d35af9c8c4b8c009c711728a9da9a,2026-08-22T07:16:48.210300
123b41e4,Raytheon_EW_Telemetry,248288,2.97,COMPLETED,2650,41f73dac685c9c0d7c4ba347241285418b9b6b7c9fa19090de6882fee0573a63,2026-08-22T07:16:52.219920
b481f650,Raytheon_EW_Telemetry,265963,3.12,COMPLETED,2650,70cd8a2850749ef8248cee3e5572e89f67db5c86699eaf7dce14cf9b22b56893,2026-08-22T07:16:55.859309
8797ffbb,DARPA_Edge_Intake,712005,3.62,COMPLETED,2650,0c416e686213ffe8f9cce48eb2aa98d9ef032783760da102e1645b5ecc0acc15,2026-08-22T07:17:00.378333
3263753c,Northrop_Sensor_Stream,403210,3.14,COMPLETED,2650,211b95a2cfd10c29162fe2b39cdd4295b8c878e90e3a5aef67a6952a3f9892f1,2026-08-22T07:17:03.258476
b5cc59b1,GeneralDynamics_Mesh,460279,2.34,COMPLETED,2650,abc7993f0d6c5ce1b7d711bf06aa1b6c50a8c0bea6619f495766b98743ddfe10,2026-08-22T07:17:07.680889
c2d71cfe,DARPA_Edge_Intake,443233,2.17,COMPLETED,2650,c90c5b450687a5864359a24224294df256d071ad73984c83900dc5ecce491875,2026-08-22T07:17:13.427618
9820a11c,Northrop_Sensor_Stream,234476,2.43,COMPLETED,2650,1693a9290c46be4e1c7d39c726f96b1c29136451cfca24b1aed1445b272a62f6,2026-08-22T07:17:19.086371
98ecfaa9,Lockheed_Aero_Div,490123,1.27,COMPLETED,2650,40e00b4b1ef0e07cb981f030e1f82dc8e0911dad5365c6a2c61a0fe512c44231,2026-08-22T07:17:24.348635
3cc6cf50,DARPA_Edge_Intake,599700,1.93,COMPLETED,2650,e7e154aaf3c686247750d0f46af57722d0eb34c3280abef9c28bc0a9f7c1b06e,2026-08-22T07:17:29.076165
d008b9c0,Northrop_Sensor_Stream,615942,2.2,COMPLETED,2650,e01c49459ac47f30297466339f6a106fbddc3e0fc5d0333035e138826df9dc7a,2026-08-22T07:17:32.151576
31de3db6,DARPA_Edge_Intake,192557,3.22,COMPLETED,2650,64856530694c6b62bb1394cc77b185b69555b984779f115d9079cbc4902509c2,2026-08-22T07:17:35.255738
b145bd72,Raytheon_EW_Telemetry,525357,3.52,COMPLETED,2650,4ca7a9af1aab211cc333a2cbb15dc35e30f9d3c04a0f26a9e8f749c8d39672e7,2026-08-22T07:17:39.092712
11b357ce,DARPA_Edge_Intake,381104,3.29,COMPLETED,2650,fdda47bd3eacedcfb0cf0bb4ebaaa2381d95594e660cd31b6a00964466ba8f75,2026-08-22T07:17:43.675301
a4e3a635,Raytheon_EW_Telemetry,197849,2.34,COMPLETED,2650,915d5427787d5a8fe6191e44c01d7bd03c7f22cb68d18ef66fda4f76fa0e695a,2026-08-22T07:17:49.294190
031280a7,Lockheed_Aero_Div,699473,2.23,COMPLETED,2650,6e01e02ae2f81d1a4d127668fb02e62f0dd6c631a0a06fe86cf5f804d497e57a,2026-08-22T07:17:53.403130
a06e5ba5,Raytheon_EW_Telemetry,644368,2.99,COMPLETED,2650,7f3bc008e0e31b9779a57af5799dffec67e4af2589af1062415d2330ddfa3d14,2026-08-22T07:17:56.218827
e54cdf7d,DARPA_Edge_Intake,480267,3.34,COMPLETED,2650,d89cd9132bfa5fcf07cfcaaa9909910c139d9d41f526980a88cfb762b2884cc9,2026-08-22T07:17:59.327607
e5d51d44,Northrop_Sensor_Stream,709668,1.88,COMPLETED,2650,2ef6d415fdb1b67897f720b427b7d173121a96534c5076c7b2ba2ceabedc9878,2026-08-22T07:18:03.450673
705818da,DARPA_Edge_Intake,250416,2.07,COMPLETED,2650,7e33d950f9010bbc93c18e40a42e571f8deaa70f223a3e5d40bdd826c9c6e62d,2026-08-22T07:18:08.641051
e44c8128,Lockheed_Aero_Div,345950,2.07,COMPLETED,2650,8c5fa03c01f244afc6e88de791de0fe5ed35bdbf35f47012f5d10042b134999e,2026-08-22T07:18:13.261487
a78250e7,DARPA_Edge_Intake,301770,2.64,COMPLETED,2650,e5f3575794b4f4763b4f218f462e76364f3cec60990d10e2e79b0507115fb736,2026-08-22T07:18:18.552859
eb610516,Northrop_Sensor_Stream,331138,1.87,COMPLETED,2650,a1fa77345a236534de0cf4f7b4114bca3f92de4e2602117eee9f6d9759fc2b57,2026-08-22T07:18:21.861635
61700358,Raytheon_EW_Telemetry,260658,2.34,COMPLETED,2650,e7ebcaa2663c79e7db1929394c0207afbb4e91f1ea26b72453c7f8c2bd439e71,2026-08-22T07:18:26.913563
63240612,Raytheon_EW_Telemetry,450591,2.98,COMPLETED,2650,dd09901762ba24703f19fbeac9ee0cafd6eafe5d70642c90d8edd07af0c30790,2026-08-22T07:18:31.633714
9d90111c,Raytheon_EW_Telemetry,293127,1.98,COMPLETED,2650,8652d199a0865ba015cfc02f5e3ec84cc77cc9a0d3ed7f5c97719f7cd1cf50a1,2026-08-22T07:18:36.537788
e82c68d9,GeneralDynamics_Mesh,272133,3.23,COMPLETED,2650,aecfa49f1d7860972fe1eeffa141aafeaf6f96b6199135d65496b2efeed03446,2026-08-22T07:18:39.349085
902dca2c,Northrop_Sensor_Stream,373573,3.13,COMPLETED,2650,8a56580af7981bea9dc394d7be32a40f55a99e23e23627c69114a0ecd7fbd6c2,2026-08-22T07:18:44.105231
ac708c45,DARPA_Edge_Intake,719710,1.3,COMPLETED,2650,018f3e601249f68fe9138375256316cf7df2ab5114663dbd939746d9449851a0,2026-08-22T07:18:47.602914
1edd1fe3,Northrop_Sensor_Stream,647189,3.15,COMPLETED,2650,d7bd26a02836e81974892aeb54fd5d7796a278a495c4641ac83e0293e75e4876,2026-08-22T07:18:51.208974
816bf1d4,Lockheed_Aero_Div,410905,2.88,COMPLETED,2650,114a9364d05b9bad2d09a9c5a6152c7dbee6d057889d140a4deaba7de512a98b,2026-08-22T07:18:55.760621
dcce6cc6,DARPA_Edge_Intake,155461,2.49,COMPLETED,2650,c4b4521861612f5a3818ba6cdd33351944a474aa1dc844cd27e49e06a3da5afb,2026-08-22T07:19:01.701114
dfe9d413,Northrop_Sensor_Stream,656027,2.56,COMPLETED,2650,a30a2755dff83d6e9286842f1f1ab03a97b03df632cbfe6fc4f56f11b4dab154,2026-08-22T07:19:07.592399
d1eea3f9,Raytheon_EW_Telemetry,626168,3.25,COMPLETED,2650,07962acc12e1fa771e0be7d1ae87aee68c3b923681bc7a3f35b29a5fa96a284e,2026-08-22T07:19:11.081254
f55664d6,Lockheed_Aero_Div,387375,2.17,COMPLETED,2650,3745f63fdd40005bf71e0443ff6ea578f3586f56b42dc72a86a56e1c0bf6134b,2026-08-22T07:19:14.806304
5cf2bf29,Northrop_Sensor_Stream,345268,2.56,COMPLETED,2650,1e2d186349e8f0acb0612f5ed3a88c36e66b123d9984c28a4b0dbe4d9932b592,2026-08-22T07:19:17.703587
28072708,Raytheon_EW_Telemetry,592180,2.23,COMPLETED,2650,1a2650e9663322cbb48fe1520cd7c0c6209045802b6431b78099c782c13a6f6a,2026-08-22T07:19:21.277988
210a44de,Lockheed_Aero_Div,187923,1.87,COMPLETED,2650,aed664b28dcda79ba108cbeee8e4655be7e0ce0dd07d846d153f03b560df1351,2026-08-22T07:19:26.664954
b59e1152,Northrop_Sensor_Stream,616617,2.93,COMPLETED,2650,1dc1abe0564e0385f94c9608c1ebcb33b6d72c21076c3b862249893f4e69b31e,2026-08-22T07:19:29.389808
8de15d01,DARPA_Edge_Intake,692042,2.38,COMPLETED,2650,4100330170b09cf6a642a924fbd4eeca5592e9dc24b455fc765c2027c852d3bf,2026-08-22T07:19:33.168002
1275fcb4,Lockheed_Aero_Div,156584,2.08,COMPLETED,2650,dee6d5968d8799eb488c77d3c1085428376edc64c5c1a2f16d97123a1051aecf,2026-08-22T07:19:37.772506
c9473fc7,Northrop_Sensor_Stream,405989,2.06,COMPLETED,2650,479988fb6ff12613e3dc37f8bdfe4080319243c2dfe589b33ecb565a4eb953b5,2026-08-22T07:19:41.607178
51388182,DARPA_Edge_Intake,604442,2.11,COMPLETED,2650,5d52d6e8627babb3a746ebd7c7a530872a9fb0c2d27512455ee6ce809f1e7b4b,2026-08-22T07:19:44.766917
c72075f6,GeneralDynamics_Mesh,715772,2.52,COMPLETED,2650,44269560252bcd29a78a2772b60b296134b1c19056f81ea03e4ff6380c52d5c4,2026-08-22T07:19:49.226340
6d7d81c2,Lockheed_Aero_Div,512505,1.97,COMPLETED,2650,da2a27280258a0eef508888acd6d5ac85f053ca3a1f2a5ee46fbfdec9abf4176,2026-08-22T07:19:53.367254
8ec55c63,Lockheed_Aero_Div,580327,1.28,COMPLETED,2650,b519d10935b901e8e14f63f6a31261bedadaf02cb96884723cbcf1a1fa2ab69c,2026-08-22T07:19:58.128512
7aa70af2,Raytheon_EW_Telemetry,334530,2.22,COMPLETED,2650,2d5cc3667ffb8ff9b0fea17e733b5d85f15b1826ec0d0024e388f67fb0c519eb,2026-08-22T07:20:01.063703
e28edd76,Mobile_Field_Intake_01,300000,2.0,COMPLETED,2650,8cdba3ba525315365edd9fc1f0645047425b1534392760964357f85e7f4fa7e3,2026-08-22T07:22:41.336526
61eaf686,GeneralDynamics_Mesh,262489,1.85,COMPLETED,2650,37c7b67169dff734502139f0cae39081eead17ba3fbe1a24c5a69ba278961329,2026-08-22T07:27:03.154917
3ef646fb,Northrop_Sensor_Stream,268657,2.09,COMPLETED,2650,9bfb863d40119e9ee449da819546d0f997fdfb01e7ec1d25f91cd03c1c8a3414,2026-08-22T07:27:06.501990
96e2c474,Northrop_Sensor_Stream,670930,3.8,COMPLETED,2650,3bc03820dd276c64b9e12cf0f1c794ac498e3b66bef7e4b6b20e0885198946bf,2026-08-22T07:27:09.900237
56712e77,Lockheed_Aero_Div,356505,1.28,COMPLETED,2650,309ee7e85b59c73404a708edad0570b9e318b1aff64ea90580a9a8b3bcff6bb9,2026-08-22T07:27:13.850224
c0454e2d,Northrop_Sensor_Stream,540315,3.31,COMPLETED,2650,81860a4ac442050243aa15a3e29b3c05d5af043b94d9519e9b2ceac3ccdd6725,2026-08-22T07:27:18.461846
a7c139f6,GeneralDynamics_Mesh,719676,3.44,COMPLETED,2650,3131c8266d408a407570c560fd9d35fb3cc59db67ef9fbced8c5ffad9ab81780,2026-08-22T07:27:23.930950
9de28c09,Lockheed_Aero_Div,270852,2.39,COMPLETED,2650,1b2253581d53db7c769ffe80ac81c10e4f6572c084cfd8b49c6ecabb6bf3cdd0,2026-08-22T07:27:28.121250
f8e6e01c,Raytheon_EW_Telemetry,711027,3.17,COMPLETED,2650,c734b426317de3a999bc71330dc66252dda522d92d18e36e78753065ce09f63c,2026-08-22T07:27:31.102343
0000c657,GeneralDynamics_Mesh,726647,3.68,COMPLETED,2650,969e1fd731873abd53fe289d0b2f425e0ff0b94a9ac8d8a8fbbf9bc5ebbc148b,2026-08-22T07:27:33.910733
a3cc27ef,GeneralDynamics_Mesh,406376,2.46,COMPLETED,2650,e3b4615847eb997a5d8a75aa144c22c9042a8e6815d984c8c1019d77134ce315,2026-08-22T07:27:37.920958
bd54e513,GeneralDynamics_Mesh,749092,2.03,COMPLETED,2650,c92cf8fef826b52a8787cbf7267085dfd905e48857dbefa7a4ecf53bab1eb822,2026-08-22T07:27:40.650687
99e08f6a,GeneralDynamics_Mesh,327051,3.06,COMPLETED,2650,a6b14a05971804e686b9498c18b5945a793bb2d878a0825c438510e6ddbf73b5,2026-08-22T07:27:46.542648
3d4a6310,Lockheed_Aero_Div,332621,2.61,COMPLETED,2650,ec966aaa11fd559bfc133c68a94206a72a525250a7c2f468ea858f345849a46e,2026-08-22T07:27:50.353967
0ffac4e9,GeneralDynamics_Mesh,234508,3.12,COMPLETED,2650,15412e0dc866cdeb66a854b53328bd3fdd9fc3a2adb1062d4aba6d984f4c4953,2026-08-22T07:27:55.735850
d5234455,GeneralDynamics_Mesh,700379,1.84,COMPLETED,2650,d6f9ea0fb20862cf9b6595ee0703955035d9839a2145feb5c1cdf38742df1a30,2026-08-22T07:28:01.620867
0938ec68,GeneralDynamics_Mesh,259888,2.53,COMPLETED,2650,05fd4d632a292004f010c1dfd29761026e6150ad58ba9c7c7bb19ae38a161d5b,2026-08-22T07:28:06.872010
6f05f19d,GeneralDynamics_Mesh,435569,3.75,COMPLETED,2650,4354f92d1a64c84526429e7c07d46d4b3318ef3a3f6144d31afeacdb99e3fc5f,2026-08-22T07:28:10.756213
eae0808d,Raytheon_EW_Telemetry,249949,1.45,COMPLETED,2650,6f08a25a141c7da8f6a965986b5dfc3605330c4a5908f7f612d02ad38992ef34,2026-08-22T07:28:15.296726
c45ca933,GeneralDynamics_Mesh,180284,3.72,COMPLETED,2650,b27c538c91c42b7d23db9317b680836c7dbc6b15c074040bfb658d72022d021a,2026-08-22T07:28:21.203899
ba3039d8,Raytheon_EW_Telemetry,643159,2.08,COMPLETED,2650,753fadfcc2eb50265b10bfd826aa085fa881257a367b7dde7e03bbedc153d7e4,2026-08-22T07:28:26.428341
1ae1d064,DARPA_Edge_Intake,208418,3.2,COMPLETED,2650,e424f2e07dded896b9027bd6968cd188a609a3a85f8b25d78d5ec40243480f98,2026-08-22T07:28:30.619292
3080285f,Lockheed_Aero_Div,613762,1.67,COMPLETED,2650,d047de5f862f3ecc7779c605d94528b1e60a8fbe680eb74dfa6ce2b88d90764d,2026-08-22T07:28:34.354718
c330adda,Northrop_Sensor_Stream,485530,2.98,COMPLETED,2650,555b34440fa754e0f6d76268060ca0a8fe1123bc8ede127c483e542a0d924863,2026-08-22T07:28:38.657252
75c45c09,GeneralDynamics_Mesh,400401,3.42,COMPLETED,2650,0779e70f48cebd573a0fb87e360346e1224867b8c45a2e70eb18d4fd8775d007,2026-08-22T07:28:42.531394
7f81dc79,Northrop_Sensor_Stream,253018,2.16,COMPLETED,2650,afbf2c9ab194a653946bea008f09bcc1921868deb9ca70ae990c50b70c1c5038,2026-08-22T07:28:48.435546
8aa540bd,Raytheon_EW_Telemetry,164929,1.31,COMPLETED,2650,405bd9fae833e2b902ad44e1ab01a89f7b524f709786710665f9716a49a4d0f9,2026-08-22T07:28:54.092015
b7c2f7b2,DARPA_Edge_Intake,579427,1.27,COMPLETED,2650,eba430044fb8179f29c185b95e9fc1450a4a29265ab63cec4c8b658d99c95c9e,2026-08-22T07:28:57.093076
2f9f7811,DARPA_Edge_Intake,662858,1.38,COMPLETED,2650,9d363ed6352a38c72f9fe813ece50fdbf6eb665d3866fa2ac07a598a701f0129,2026-08-22T07:29:00.483415
66316f16,Lockheed_Aero_Div,250124,3.32,COMPLETED,2650,4e694aac9dbefb0106db5d042351391d5fae7f4202368a85d5db6b9a2e2ecfa9,2026-08-22T07:29:04.298752
b3be2630,Lockheed_Aero_Div,512141,3.72,COMPLETED,2650,6e2a4e4a9ee0168356d339c11da38bec5e0cbd23cf1966d1f2dce91e5f66e3af,2026-08-22T07:29:09.670168
bf079ca5,Northrop_Sensor_Stream,748489,1.27,COMPLETED,2650,92655d6c7c60721f4e67338a46155fc29d8c30eb6a11615b2ce86a74f7df29d7,2026-08-22T07:29:13.605242
cf651d65,Lockheed_Aero_Div,351488,2.02,COMPLETED,2650,fe3e277bff004fcb1a9a61ccd3a7edbcd61b8eef0b06161daf72b7032abfcf4f,2026-08-22T07:29:17.434845
63ec7dc8,DARPA_Edge_Intake,619809,1.4,COMPLETED,2650,0dbd06fdf436b96a62add95e5c3d25102b4b05b7acfc9ccca1aeb7e2e3149882,2026-08-22T07:29:23.072654
17f1b845,Raytheon_EW_Telemetry,222780,3.05,COMPLETED,2650,9c4af5fddaacc21b3ad4c1a3ec72a6c84c522569f2bb81e8d9b4aa08ad8c3830,2026-08-22T07:29:28.962628
07a6e6cf,Raytheon_EW_Telemetry,433726,1.72,COMPLETED,2650,2bb972acb17b3431ffca3dc5afd4051ea56aeb24c275031acbacd642bb8e855c,2026-08-22T07:29:33.945220
f6c3692e,Raytheon_EW_Telemetry,612557,1.31,COMPLETED,2650,69bd081f0b1c9cd2a6a949dae74537f669d9c23a415b89154bfa63e748a40399,2026-08-22T07:29:39.432366
32d988cf,DARPA_Edge_Intake,347598,2.61,COMPLETED,2650,b7febb7c6f8165bdaca9b72f2cde5450d82a991f8780626893d752d1c46d7d4a,2026-08-22T07:29:43.610338
a58754c6,DARPA_Edge_Intake,362371,1.55,COMPLETED,2650,0d239a7fc7c0ea14719a484cccc90f79eed24f733bb1ca0ab81959789f2d8202,2026-08-22T07:29:47.713439
984fa14d,Lockheed_Aero_Div,265534,2.99,COMPLETED,2650,0fd72cca709eb8a8bf2cc379f8ca7673c944973416dbdd41abfffb0f24054fbe,2026-08-22T07:29:53.035785
6d8e7365,DARPA_Edge_Intake,185446,3.57,COMPLETED,2650,6180decf35bc696d171f9c4950d710c40906800754bba801f22f452206380c36,2026-08-22T07:29:57.549681
b4ca44ea,DARPA_Edge_Intake,491873,3.49,COMPLETED,2650,6a86a7b529d9d58d8a05c37cd1049f2dd2e332946d41c260acb560d3c076a0c3,2026-08-22T07:30:02.492586
bd22b7f7,Northrop_Sensor_Stream,277179,2.83,COMPLETED,2650,c3ece0fd48c6069875f8fea1dd012bbd8e9cc7f0c9742950ccdb9e9d12343eda,2026-08-22T07:30:07.746043
6542a95c,Northrop_Sensor_Stream,605084,2.31,COMPLETED,2650,73f6d008f82cbec7f2f53e022bfc29776d0e4455987035050acd5e866b125f21,2026-08-22T07:30:13.413978
d2bc16cc,Raytheon_EW_Telemetry,302723,2.14,COMPLETED,2650,421f15cf6e5c07ce63e8b3db09b957b6da5a76818ac47ea4237e8b63465df13b,2026-08-22T07:30:16.710458
a3ecf2d5,Raytheon_EW_Telemetry,548906,2.47,COMPLETED,2650,02687460ebb72ce4308d58e318894e60a7d5d70a71899b55a829bd352a2fa723,2026-08-22T07:30:20.603145
24c312fb,Northrop_Sensor_Stream,534359,1.67,COMPLETED,2650,a6b5569bfeb40953195e53579aa9816a0ace0f927b6aabc28f69dd8b02ff6dfc,2026-08-22T07:30:24.633525
c166a3c8,DARPA_Edge_Intake,204273,2.83,COMPLETED,2650,34f488076804cd1180aa321b2a593ae45de9cd5a8b760a8002c7a3de1aa1690a,2026-08-22T07:30:30.382150
cc10b186,Lockheed_Aero_Div,492927,2.59,COMPLETED,2650,12de89caf7d4b94511097f8921aa874ffcd7c230f5a26d4f573920238f1a4bd8,2026-08-22T07:30:33.798652
1a59918e,GeneralDynamics_Mesh,276315,2.96,COMPLETED,2650,0495b291c2e46759277e9e265c63b882c7d13f45ed2a79c6ca6ad18bb58838ea,2026-08-22T07:30:38.846435
d606c1e3,Raytheon_EW_Telemetry,407329,3.78,COMPLETED,2650,09496d67d7476e4ab37b7056f95b18dd1821ab8496c28ce043020c9189cda953,2026-08-22T07:30:41.522639
0181cd9d,GeneralDynamics_Mesh,314705,2.57,COMPLETED,2650,3f3ca367e7ed37422a756862aeb3edfce282a6dad6091d65f3873570a678d1d7,2026-08-22T07:30:46.646987
d0590c95,DARPA_Edge_Intake,742606,3.42,COMPLETED,2650,2f19318e43e1c472dddb523eb07f0164525e705c49a8d7e250b9f97da0368f7b,2026-08-22T07:30:52.021681
856df3e3,GeneralDynamics_Mesh,270713,2.01,COMPLETED,2650,0efd9ba68a0fd8a02b7efc5e00c2da24cccfc3e32ce88e2078dccc292d161cd7,2026-08-22T07:30:56.320363
5bcf8f0f,Northrop_Sensor_Stream,162402,2.97,COMPLETED,2650,3d875966ad000f5af49bd1ca0d07243db09027b9df83bd0fd159df601fc3adf9,2026-08-22T07:31:00.918705
6a4a8f0c,DARPA_Edge_Intake,731289,2.6,COMPLETED,2650,708451f85d7a43c7bfe2fc74d8c0905c161b8babbca374014c0c7031314e2c9f,2026-08-22T07:31:05.147675
4f6a8932,Northrop_Sensor_Stream,693574,3.25,COMPLETED,2650,613b749e027586b0341f9d99b267d73dab7b26467fc6b013820585d48b446997,2026-08-22T07:31:11.089640
a72a016b,Raytheon_EW_Telemetry,265550,2.25,COMPLETED,2650,e64037861d05157b04ba36365a31abff4a350f77bcedda9df3fe6eeec41028aa,2026-08-22T07:31:15.241352
fcb70c72,Lockheed_Aero_Div,286669,3.26,COMPLETED,2650,0e1e14dddfe96976e71b4c8671d8b4a8caa5ac228ed796e37ef471d10e5496ac,2026-08-22T07:31:18.234078
29d40481,GeneralDynamics_Mesh,183863,2.9,COMPLETED,2650,12352125aed08bd4aa9cd9541b981275800a0712878f5b6fc110f0c0f3806148,2026-08-22T07:31:23.444449
0aab7b3c,Lockheed_Aero_Div,375105,3.79,COMPLETED,2650,07168c3e2c036c3b59fd7551d5ebc00d113fa7161ab125ade606524b43793767,2026-08-22T07:31:26.428143
c5ddbf72,Lockheed_Aero_Div,548996,2.01,COMPLETED,2650,e8525217f2bf21eb97c881b44a43bcafcfb89de4a6fa99ab33569c8b5539fa03,2026-08-22T07:31:29.365542
6b7c72f7,GeneralDynamics_Mesh,276860,2.12,COMPLETED,2650,e8a815daacc25942f6457c57741fae93d88fe0a5f29b9c79e169cd8cef529f09,2026-08-22T07:31:34.367752
214dbef4,DARPA_Edge_Intake,614276,2.6,COMPLETED,2650,507ff0d8ebf6b6c21ca9ac74039ba7dc053ebb38a9e16cc2ca8aa051ede82ffc,2026-08-22T07:31:38.186458
87a6de83,DARPA_Edge_Intake,521405,2.8,COMPLETED,2650,0fee0967ea3c6a677e4cbb6f47c48fce249b2bff809538d397724662aaab69d4,2026-08-22T07:31:44.035910
9ab5ffbb,Northrop_Sensor_Stream,700855,1.61,COMPLETED,2650,a35ff7cf6c48ddbdc75e43522849e11481846a33003da7479ea8ab5820f0c2d8,2026-08-22T07:31:47.471465
e206c782,Lockheed_Aero_Div,370431,2.6,COMPLETED,2650,238a132b943cdfa7f448dee987d89844bc5670e38b6e6930e873b6cfebb5985b,2026-08-22T07:31:52.031291
4e6b00f9,DARPA_Edge_Intake,519806,2.39,COMPLETED,2650,853c3c2f5681f371eb7bfed85b79a24a1c9d1cd0fb8799940496c430b2450b6a,2026-08-22T07:31:56.681682
0e26e00b,GeneralDynamics_Mesh,601204,2.29,COMPLETED,2650,3dc5eef0030cef88c6cccca8dfc84c32cba6814ade9b45941f33740e5024df85,2026-08-22T07:31:59.602867
bde43791,DARPA_Edge_Intake,285562,1.23,COMPLETED,2650,001b3fa35121d44e9835645e4f7fb919124a0696e87214def529029b90389e7d,2026-08-22T07:32:04.218374
dd122bf6,Lockheed_Aero_Div,699760,2.92,COMPLETED,2650,0cc6f55df0b9813d6b981259e9378aadbb9cf7b1aa224732f52dd06ab04f329b,2026-08-22T07:32:06.823778
f6465c13,Lockheed_Aero_Div,571270,3.61,COMPLETED,2650,a575e4e6afb06d335fa662204b7c181a429429ed59eff377989db2a673f2eee9,2026-08-22T07:32:12.328796
478a2b2c,Raytheon_EW_Telemetry,603135,2.66,COMPLETED,2650,504effd06acbf225ea23563dcc44c1cde116bdfd122d73ab849337bba616c906,2026-08-22T07:32:18.044928
d9feb0e1,GeneralDynamics_Mesh,244365,3.76,COMPLETED,2650,ae5582591927a69f49d816a00ac1417a773cf042a4a51ac2a4d6d4d9b2de6e4f,2026-08-22T07:32:21.143637
c049eecf,Lockheed_Aero_Div,533320,1.23,COMPLETED,2650,a21120123ea23fee3a6b939cd4f2d9e905b57f47b1625f787e164ec9ae59332f,2026-08-22T07:32:24.999618
e8780323,Raytheon_EW_Telemetry,323059,1.77,COMPLETED,2650,e7ecfb95684d7bafddfa1db0a9d91fe5ace2941ae922026c98c84094f0a19abb,2026-08-22T07:32:28.593092
a5802330,DARPA_Edge_Intake,713337,3.19,COMPLETED,2650,92652b41bc0fe66bb5381076e29809dccfe436cad8cdd9df14e3af06fc59645a,2026-08-22T07:32:32.665398
f1b3a219,Raytheon_EW_Telemetry,507998,1.5,COMPLETED,2650,431e30256a9ddcdf357ae46979d2954c97daf3bc919cad81ed07f8b9f0fa758c,2026-08-22T07:32:36.633123
ef137f34,DARPA_Edge_Intake,272123,3.22,COMPLETED,2650,5f533d7e5dc5adfccc45566bbc48e1b18f6f215698a9dcd7ebb9acd90109ae87,2026-08-22T07:32:41.214580
0a98d0f7,GeneralDynamics_Mesh,271417,1.24,COMPLETED,2650,67fd01b686ff6dd76ec2b5aa0779a413cbdf93afc9ee6fd4c76eb12224332607,2026-08-22T07:32:46.334911
e441157b,Lockheed_Aero_Div,315527,2.78,COMPLETED,2650,94addc57486ad0dea2aed878407a342a4ca03abd79e6a67a9dd2b76c54b22ff1,2026-08-22T07:32:50.816570
98cb9c64,Northrop_Sensor_Stream,709480,2.05,COMPLETED,2650,31f8020722c00c39c7d6002f987d316451cbbf87690079da005f6bfc452313bc,2026-08-22T07:32:55.673940
cad95e95,GeneralDynamics_Mesh,597005,2.8,COMPLETED,2650,e8f781bcca188810b864412f852bb5469b2583a4bb56b0786c7a0e5520651528,2026-08-22T07:33:00.559498
e5d2e122,Raytheon_EW_Telemetry,689705,2.0,COMPLETED,2650,19fc2d10f4711cc702664bd2c55270d4d29980af15b8e8547557b32cccc2641f,2026-08-22T07:33:05.682903
89039e33,Northrop_Sensor_Stream,438547,2.84,COMPLETED,2650,4a79255f8ac658f2a33e2499f160ab8efbaaf5f699ee4b1ec57f08c33ff7fa70,2026-08-22T07:33:08.221695
10571684,Lockheed_Aero_Div,613076,2.59,COMPLETED,2650,49ddbdfbbc55a510ac409521997fdd7558b1e2ad3bd2414acb4b1afe320a4921,2026-08-22T07:33:11.709604
a238871f,GeneralDynamics_Mesh,436135,1.84,COMPLETED,2650,9d6d896a023f1f3aee5075f6292dc0d5a4cba873bd489967d31f4b8456ad5111,2026-08-22T07:33:14.421604
252d5a88,DARPA_Edge_Intake,671526,3.63,COMPLETED,2650,b8a7d6951ceeb2fe004c9f49eb57133343545622f45ec5a0945bbc8306c5ea6f,2026-08-22T07:33:18.158484
54400a7b,Northrop_Sensor_Stream,253159,1.31,COMPLETED,2650,e8b81ac5b679ad42d1f8a38212dab9b8273cee548fe3cb78d747cd9711406773,2026-08-22T07:33:23.709049
c88990d9,DARPA_Edge_Intake,644234,2.55,COMPLETED,2650,f335bda6ff7f99808dd9f827f6f5630061ce024681c204080eabb53b3a26e12e,2026-08-22T07:33:28.271460
fbef7957,Northrop_Sensor_Stream,435839,1.8,COMPLETED,2650,6ff04cd1b928422e537a34b75164cb94b116ce6bc53199bf897b71a365f1d908,2026-08-22T07:33:30.969477
f245587e,DARPA_Edge_Intake,647931,1.24,COMPLETED,2650,d09ef108213d76ca95cf7ec7d396bb98f59e3cf6491f859c3173d870dc46d623,2026-08-22T07:33:36.603330
3aa822d8,DARPA_Edge_Intake,738347,1.91,COMPLETED,2650,425f1baad36ed5cafe18f374a619bb538d1b57ffb3ef2224f547ca377c89158d,2026-08-22T07:33:40.824125
1279143e,Lockheed_Aero_Div,613047,2.33,COMPLETED,2650,20f0928f532e2b6eeeb84248319ad2715378a33d69701d262e565e509b45203f,2026-08-22T07:33:45.868837
55ef4ef5,DARPA_Edge_Intake,403920,1.6,COMPLETED,2650,59df979dbdf69a9ddf61d4171932d3c1149c7f25c6677790043cabd2f747b96b,2026-08-22T07:33:49.227036
5256e242,Raytheon_EW_Telemetry,160947,3.06,COMPLETED,2650,2f7c8db44357972de8d756c7fa1f6904bea6e6c0773c568da73590a782f782e5,2026-08-22T07:33:51.850730
d01d4bfc,DARPA_Edge_Intake,250099,2.07,COMPLETED,2650,ab5573ffe4e85f296753954611053fbcf19e9c4372ac670a761c08c8ad8ba6b2,2026-08-22T07:33:57.389152
627cdcc1,DARPA_Edge_Intake,312912,3.8,COMPLETED,2650,3f4d9512e884d26a54e4105eece6c467a2f5c82f4ce39c1d1556ddec70790e05,2026-08-22T07:34:00.877231
fa9c67b6,DARPA_Edge_Intake,735871,3.67,COMPLETED,2650,5ff793121576f124607ee28965983c998ff254d562d027bc5a9e1ba652008a30,2026-08-22T07:34:03.930217
537786f2,GeneralDynamics_Mesh,690109,1.59,COMPLETED,2650,b8021604739ebb4fda7593f1844aa7b95b4099716185deca383e73d2b4ce6a0b,2026-08-22T07:34:09.554379
37da1a35,GeneralDynamics_Mesh,508425,1.42,COMPLETED,2650,b1c6d92959d3fb01e5f28429d6cd6c8ab990832bb4e43ccec1cbec69c77f65e3,2026-08-22T07:34:13.797219
63140418,DARPA_Edge_Intake,505851,1.35,COMPLETED,2650,85aeff91daf4c5f1713c27d22cc04e1ce70dc2c8b190dc8c4c7ef7eead576f64,2026-08-22T07:34:17.395195
4617f84a,Lockheed_Aero_Div,219781,2.27,COMPLETED,2650,e25f8e502c5dea0d4dea1864197d4f28c4bc4d194b9c25e0cb7ade6db22da84f,2026-08-22T07:34:22.815797
051c3376,Northrop_Sensor_Stream,310500,3.69,COMPLETED,2650,7f49a91d2f9342a952c1674bb0d69c07ceb7169bd117438cc945fe1b61e8e5b0,2026-08-22T07:34:26.406282
244322cd,Northrop_Sensor_Stream,209401,2.78,COMPLETED,2650,2801a69924a186cbeb06ff0797d00a8809cca64b2604e8fed37be8290ccd9d25,2026-08-22T07:34:29.315643
b9e49062,Lockheed_Aero_Div,729683,2.49,COMPLETED,2650,1615b678eec76c94202a7f688f78b471faffef296a0ab637577d3a0127885187,2026-08-22T07:34:32.467766
cf64d0e6,Raytheon_EW_Telemetry,356568,3.21,COMPLETED,2650,211a0265841ca2023c65a8cf977f07d95153743a9d25ae2018a287e33face61c,2026-08-22T07:34:35.867828
9461e51c,Northrop_Sensor_Stream,282144,3.76,COMPLETED,2650,70c2b0db2d3997cead69b3044ef5742f9a59d6c894855d6e51d1de3a16638b16,2026-08-22T07:34:38.636138
6b7dd62a,DARPA_Edge_Intake,540661,2.58,COMPLETED,2650,c221ba68867da35a4df9008dd9fbc2cb0e914781fbe86e8a96779ca035167ef5,2026-08-22T07:34:42.120970
5fcdf66e,Raytheon_EW_Telemetry,327173,2.84,COMPLETED,2650,f7ae9b679a10b7d3210bd282f53c56c8a464293de181d4126a9028609a7cb118,2026-08-22T07:34:44.983450
6dc7963d,Lockheed_Aero_Div,186042,3.52,COMPLETED,2650,5bd09cc9024e70ae098b8f26c7c042ea99ffca5b8cf08cffd9efe18da374e05a,2026-08-22T07:34:47.807271
791cdbc1,Northrop_Sensor_Stream,311112,1.47,COMPLETED,2650,ab34664efcd91ccf2405d2c683e02318cde0ae3ca8e97ffaf154138492fe9a92,2026-08-22T07:34:50.357474
5c241508,GeneralDynamics_Mesh,185415,1.31,COMPLETED,2650,567dce3d9df17fe92a86038cb0cdd28ff8b39bc94c518049b0f792039e4dcc11,2026-08-22T07:34:55.769473
582f512d,DARPA_Edge_Intake,507172,2.88,COMPLETED,2650,1e978dd3cb5abc3dfbbeca6c082283890b06494ded295c9b4675d02ae7c4bbdd,2026-08-22T07:35:00.838841
80c156f5,Raytheon_EW_Telemetry,183741,1.46,COMPLETED,2650,453c4ff8b7b9862005c01327f326ade7cfd785588ddc0ec91176382c7fd811bc,2026-08-22T07:35:05.036075
40fa402d,GeneralDynamics_Mesh,295563,3.23,COMPLETED,2650,f83d8dbaa150953c56db7648e6ba0240207fe689d3ed19bbf56baa86b3e6e6a9,2026-08-22T07:35:08.656958
20292f0d,Lockheed_Aero_Div,706934,3.79,COMPLETED,2650,6eeb6516fb57e14821a240c422198544264b742305fafb6259abf6fb16a87c86,2026-08-22T07:35:11.266591
163dfef4,DARPA_Edge_Intake,227825,3.47,COMPLETED,2650,0cdb969d4b4792b32172424f2744df5bcd9d061ad1027cb9abda5b4226581f42,2026-08-22T07:35:14.409461
f1860afd,Raytheon_EW_Telemetry,480442,1.28,COMPLETED,2650,b5b5b59902c1376268e2997d673f12d4d2beb12a3dd6a9f7c404cbde3242cdd5,2026-08-22T07:35:20.211560
1ee017e5,GeneralDynamics_Mesh,722780,1.39,COMPLETED,2650,4f3d7457616e1c4d15e0cf9146b63b43c0a6b9e7043a7e2c91901fbf11347245,2026-08-22T07:35:23.646481
f63a2797,GeneralDynamics_Mesh,414554,3.44,COMPLETED,2650,c856132a55150679980fb61038fb0e450375c6d09230bda2eb66b5d03214403f,2026-08-22T07:35:26.786648
04873e9e,DARPA_Edge_Intake,538290,2.56,COMPLETED,2650,d781ef741982b6d0de81e6bc773ad65d4377891edb1f08c2843ef1b0100b1722,2026-08-22T07:35:30.868236
ad8cb367,Lockheed_Aero_Div,669321,2.64,COMPLETED,2650,e306b933b36cb8e8d285eb929f6d435fd9ef9e2ef1b7787fe40e187a4433d684,2026-08-22T07:35:36.233440
3ae3c387,Northrop_Sensor_Stream,819916,1.76,COMPLETED,2650,edbfe78f4118345069cd17551873568d0d943e3640dfbf357a4cf1f07ef0be84,2026-08-22T07:35:37.204824
c05dd4bf,Northrop_Sensor_Stream,712730,2.08,COMPLETED,2650,79b7ac9a88dd1b63d837b3ae4bf651cef2bf8e1e7831b20cb389921650acff9f,2026-08-22T07:35:40.123769
0cf42052,Raytheon_EW_Telemetry,486455,3.23,COMPLETED,2650,7f9eebd1b91cfe12d276e6946a06dece93b2746d674f9125bac3a70e5c16aeac,2026-08-22T07:35:41.858329
fe1d94e0,Raytheon_EW_Telemetry,229653,2.16,COMPLETED,2650,9cc2a58c17f2608a142c6b90a4de8fc85f3b6b4eb80a5f448c5b252459eece39,2026-08-22T07:35:42.890361
1e033547,DARPA_Edge_Intake,502420,2.21,COMPLETED,2650,e499c5ea17ef0dcd16d711f8c505b8452b7b542ec5471a2be34ede2c106f4a39,2026-08-22T07:35:45.553755
27945199,Lockheed_Aero_Div,634607,3.43,COMPLETED,2650,53e9d56ef82812e18672334ecdcc70397f3f2dd45b56266c2b874138295c7427,2026-08-22T07:35:46.406783
6148128e,DARPA_Edge_Intake,279204,3.75,COMPLETED,2650,65ee9ec1a662636d064a4bd365918dec3320f76c3c9c91d02fa79cceddd4a059,2026-08-22T07:35:48.777125
c768168a,GeneralDynamics_Mesh,373701,1.89,COMPLETED,2650,98aed8f387bf9073afadb3255f5b03760b9255b30e1d45ae3422ce0d4c747553,2026-08-22T07:35:49.133876
1e8e9827,Raytheon_EW_Telemetry,266090,3.32,COMPLETED,2650,87b15116d477e55225e83c21a5f7504aa98ffe6a8e46ea09e94132aacd11a456,2026-08-22T07:35:52.190788
6a2778d4,Raytheon_EW_Telemetry,589626,2.04,COMPLETED,2650,7900c43acc719504b3a810f813b42e1f598eebf28b6079fec94a07b4912aa54c,2026-08-22T07:35:53.274917
fd28ac92,Raytheon_EW_Telemetry,722785,3.23,COMPLETED,2650,4306765db662c1fec7d8daecd1eacb7f1795ad1f7bda0e8716c345ae8f6a2ec8,2026-08-22T07:35:55.481421
5dd43933,DARPA_Edge_Intake,593504,1.75,COMPLETED,2650,330a5828d392429c437c88a14a94057e5b2d61000d81b6273b85764a8f577aa4,2026-08-22T07:35:57.394008
c5988833,Lockheed_Aero_Div,742697,2.94,COMPLETED,2650,a852461f0a656116502344a82dbb6e6ddd53506c868049484738f280eb60b3e0,2026-08-22T07:36:00.733146
04050df3,Northrop_Sensor_Stream,848020,2.0,COMPLETED,2650,8e534843424d86c723926fd59a7e12c5900734ef35cc1a53bdba750d41273d11,2026-08-22T07:36:01.317228
35b4daa1,GeneralDynamics_Mesh,570624,2.83,COMPLETED,2650,09185cc469026167c5878078ad8370c9bf60bc6cab12a8b718e963b25e000f7d,2026-08-22T07:36:04.994774
116d894a,DARPA_Edge_Intake,451604,2.6,COMPLETED,2650,1fca79f0db3dc97daddbbfe5e58c0bfe48f62b05dee6d5d6a5adb741359309fa,2026-08-22T07:36:05.512234
0589d539,DARPA_Edge_Intake,733295,2.22,COMPLETED,2650,2b95a2496de8effe3505b32de8d2dc6fcb66ffbd9ce03b4cb0a711be25469984,2026-08-22T07:36:08.165659
e59c8c86,GeneralDynamics_Mesh,768690,2.82,COMPLETED,2650,66bb79ef76ee5759a06b9e9f0ee807457825c4624ffe2da5a56e0cfc5dd6ee62,2026-08-22T07:36:08.870445
1444a2a4,Lockheed_Aero_Div,233407,2.21,COMPLETED,2650,1384eb8c70580395ecc6f70a0a4cf11a12ea072f90301bc128d2edf2a9171f02,2026-08-22T07:39:23.518528
72b98b15,Lockheed_Aero_Div,527314,2.04,COMPLETED,2650,a4e08beeb66da011941d9bc55a2b91b99236a75c90198f2fe3b314b48e8a12be,2026-08-22T07:39:27.856385
a8b69719,DARPA_Edge_Intake,424919,3.32,COMPLETED,2650,8f26890692be6a85a57e35b0e9046fd0306403489d059949cc525e7b30a848c2,2026-08-22T07:39:32.897301
263e3d49,Lockheed_Aero_Div,639078,2.48,COMPLETED,2650,91936531e327349f2356b915240cfd471bf05d706c3957f49c5fabef5c86c70a,2026-08-22T07:39:38.768155
7a2e7c88,Lockheed_Aero_Div,157607,3.43,COMPLETED,2650,0f27c4a368aa4fea579c6a724d76fe2e2b32e3b4cfada13368a80b8a68a2d0f0,2026-08-22T07:39:41.756883
c56f8cbe,GeneralDynamics_Mesh,464590,1.32,COMPLETED,2650,1c562b9fd7b8997001d215da8fdac9d6406ee6e74c8305e20d6946c4b752c7cf,2026-08-22T07:39:45.688290
6c31974e,Northrop_Sensor_Stream,644919,3.4,COMPLETED,2650,9e8a943726fb75ba0c661a6015a0d502c1292e76715e552ffcb650d987d2ad80,2026-08-22T07:39:49.757251
18d6e3c5,DARPA_Edge_Intake,493204,3.26,COMPLETED,2650,56b6e9291a0c2f58c6bf51b49132a6165f42999f499971a19d1618968c067a20,2026-08-22T07:39:54.552782
680e7bd8,Raytheon_EW_Telemetry,660201,2.33,COMPLETED,2650,6a2df1027a016eccfdc193d890024c148c7f4bb66af6c1c102e34be7f6e46d12,2026-08-22T07:39:58.669981
acea0807,Lockheed_Aero_Div,467740,3.66,COMPLETED,2650,5e9dd8c5fb0c64b9ac31206e5f11130bdd02e8568c6671ceb3714d61c605b985,2026-08-22T07:40:02.571677
033853da,GeneralDynamics_Mesh,639623,1.23,COMPLETED,2650,79fdde768863243efcf7a9e2285f5d6dfd73a62d45318504e1a5ad3dc1f8ed41,2026-08-22T07:46:26.162736
301c20b2,Raytheon_EW_Telemetry,691049,1.21,COMPLETED,2650,d92a802ed07527811cd9ec59ea01d9df4b8daafefe6bcebc7a537cad8e6a2f96,2026-08-22T07:46:30.047259
d6cfe556,Raytheon_EW_Telemetry,280036,2.36,COMPLETED,2650,d37dd78352da0f6c229bbb64486a693d08a9f1fbfd3a48fa496b1b8b602a77de,2026-08-22T07:46:34.897738
39b9f5bf,Lockheed_Aero_Div,511306,1.21,COMPLETED,2650,8feb72c683f7cdf01f69efbacbb5f05392a32bb3a612b9baf7bfc15d06847c99,2026-08-22T07:46:39.175153
71335271,GeneralDynamics_Mesh,291118,2.49,COMPLETED,2650,5dd4e83746495bcc4adf169893a18de72b226a8b2f55a610b78209c97a6561af,2026-08-22T07:46:43.921311
82518d15,Lockheed_Aero_Div,348736,1.9,COMPLETED,2650,d4fbce42edffb35ad759b05c35f48270de87a0d39e4d94857ea52c8eec0eaed2,2026-08-22T07:46:49.542657
1ee1442a,Northrop_Sensor_Stream,340740,1.93,COMPLETED,2650,7798da4c188c5ef997852cc20b01f0b116389ff61df7b5d1c02de8f0aa8e58fc,2026-08-22T07:46:55.059493
466ddaee,GeneralDynamics_Mesh,399828,3.42,COMPLETED,2650,d897daf497411da27d50421f5872695b0270b1e5f3d6bd89bfb69afa4f271998,2026-08-22T07:47:00.178678
8f88f7cc,Northrop_Sensor_Stream,745262,2.99,COMPLETED,2650,24f61f12d03fe9f710b4ad77b19c3b8667c5d7b47bcd80bc3ef1a93340739ac2,2026-08-22T07:47:04.229403
6482a644,GeneralDynamics_Mesh,170123,2.02,COMPLETED,2650,a722771a70e979aacba4bc59a42e919ce4aa3eb10b165228aba21a6c7ae6365c,2026-08-22T07:47:08.435482
10262859,Northrop_Sensor_Stream,193991,1.56,COMPLETED,2650,0d4c77c1d826c830aef24dd2acc60b8a1ef3bfc6abb9211d2d5c96f863376dd0,2026-08-22T07:47:12.823304
044be79b,Mobile_Field_Intake_01,300000,2.0,COMPLETED,2650,989227cf17ff7f6325353f303c8a1de70aab89d8b06689380f52ee06dbaf70d9,2026-08-22T07:51:16.032534
